"years","Psammocora.contigua","Psammocora.digitata","Pocillopora.damicornis","Pocillopora.verrucosa","Stylopora.pistillata","Acropora.bruegemanni","Acropora.robusta","Acropora.grandis","Acropora.intermedia","Acropora.formosa","Acropora.splendida","Acropora.aspera","Acropora.hyacinthus","Acropora.palifera","Acropora.cytherea","Acropora.tenuis","Acropora.pulchra","Acropora.nasuta","Acropora.humilis","Acropora.diversa","Acropora.digitifera","Acropora.divaricata","Acropora.subglabra","Acropora.cerealis","Acropora.valida","Acropora.acuminata","Acropora.elsevi","Acropora.millepora","Montipora.monasteriata","Montipora.tuberculosa","Montipora.hispida","Montipora.digitata","Montipora.foliosa","Montipora.verrucosa","Fungia.fungites","Fungia.paumotensis","Fungia.concina","Fungia.scutaria","Halomitra.limax","Pavona.varians","Pavona.venosa","Pavona.cactus","Coeloseris.mayeri","Galaxea.fascicularis","Symphyllia.radians","Lobophyllia.corymbosa","Lobophyllia.hemprichii","Porites.cylindrica","Porites.lichen","Porites.lobata","Porites.lutea","Porites.nigrescens","Porites.solida","Porites.stephensoni","Goniopora.lobata","Favia.pallida","Favia.speciosa","Favia.stelligera","Favia.rotumana","Favites.abdita","Favites.chinensis","Goniastrea.rectiformis","Goniastrea.pectinata","Goniastrea.sp","Dulophyllia.crispa","Platygyra.daedalea","Platygyra.sinensis","Hydnopora.rigida","Leptastrea.purpurea","Leptastrea.pruinosa","Cyphastrea.serailia","Millepora.platyphylla","Millepora.dichotoma","Millepora.intrincata","Heliopora.coerulea"
"Y 81",0,0,30,19.2,0,11.1,7.5,6,3,22.5,9.8,13.9,28.4,9.3,28.5,7.5,18.6,9.3,7.5,13.5,3,8.7,13.5,7.5,3,15.6,3,5.1,6,3,9.6,63.6,28.8,3,3.5,3.3,0,0,0,3,2.4,0,8.8,14.6,0,0,0,10.5,9.6,3.6,3,12.6,9.9,3,0,3,3,0,0,48,34.2,0,0,0,0,33,15.6,0,0,0,0,3,2.1,2.4,110.7
"Y 83",0,0,0,0,0,0,0,0,0,0,0,0,0,0,0,0,0,0,0,0,0,0,0,0,0,0,0,0,0,2.4,1.5,3,2.4,0,2.4,6,3,0,1.5,4.5,0,0,2.4,0.9,0,1.2,0,3,5.9,0,0,4,0,4.5,3,0,0,0,0,0,6.4,0.6,0,0,0.9,0,0,0,0,0,5.4,0,0,0,0
"Y 84",0,0,0,0,0,0,0,0,0,0,0,0,0,0,0,0,0,0,0,0,0,0,0,0,0,0,0,0,17.4,2.4,7.5,57,19.5,6,2.1,1.5,1.2,1.5,0,6,3,3,0,5.1,0,0,0,8.4,6,1.2,1.5,2.7,3.6,6,0,0,0,0,0,0,0,3,3,5.1,0,3,2.4,0,6,3.9,7.6,0,0,0,0
"Y 85",0,0,0,0,0,3.3,3,0,0,7.5,0,1.5,2.1,2.4,0,0,0,1.5,3,0,0,0,0,0,0,0,0,0,14.1,22.5,10.6,102.3,55.5,0,0.9,0,0,0,0,12,0,0,0,2.7,1.5,4.5,1.5,70.2,6,7.5,3,68.7,13.5,21.3,3,0.8,0,0,0,0.9,0.9,0,0,0,0,15,10.5,0,0,0,1.5,0,0,0,0
"Y 87",0,0,1.8,0,0,17.1,11.1,6.3,0,0,0,0,25.5,0,0,9,0,11.1,0,0,0,0,0,0,0,0,0,0,9.9,0,0,191.1,73.5,0,0,0,0,0,0,0,0,0,2.4,7.8,0,0,0,21,11.4,0,0,12.5,0,0,0,0,0,0,0,4.8,0,0,0,0,0,0,0,10.5,0,0,0,2.1,0,0,0
"Y 88",0,0,4,0,0,19.5,12.3,0,0,8.1,0,0,23.7,0,0,10.5,0,0,3,2.4,0,3,0,0,0,0,0,3,0,0,0,91,26.7,0,12.3,0,0,0,0,3,5.1,0,0,3,0,7.2,0,29.4,12,0,9,48,0,0,0,2.1,0,0,0,1.2,0,0,0,0,0,0,0,0,0,0,2.4,0,0,0,0.8
